Channel Group,Mean,Std
Ch 0–44,-0.0017079769935383386,0.832157168275271
Ch 45,-0.06830172217212102,0.8435204244393184
Ch 46–53,0.01691333489712804,0.7607873177431226
